Workbook

Sheet Dashboard
A1: PROJECT TASK TRACKER
A2: Multi-Project Development Task Management
B4: TOTAL PROJECTS | F4: TOTAL TASKS | J4: TASKS COMPLETED
B6: =COUNTA(Projects!A2:A1000) | F6: =COUNTA(Tasks!A2:A5000) | J6: =COUNTIF(Tasks!G2:G5000,"Done")
A9: # | B9: Project Name | C9: Total Tasks | D9: Not Started | E9: In Progress | F9: In Review | G9: Done | H9: % Complete | I9: High Priority
A10: 1 | B10: =IFERROR(INDEX(Projects!$A$2:$A$1000,1),"") | C10: =IFERROR(COUNTIF(Tasks!$B$2:$B$5000,B10),"") | D10: =IFERROR(COUNTIFS(Tasks!$B$2:$B$5000,B10,Tasks!$G$2:$G$5000,"Not Started"),"") | E10: =IFERROR(COUNTIFS(Tasks!$B$2:$B$5000,B10,Tasks!$G$2:$G$5000,"In Progress"),"") | F10: =IFERROR(COUNTIFS(Tasks!$B$2:$B$5000,B10,Tasks!$G$2:$G$5000,"In Review"),"") | G10: =IFERROR(COUNTIFS(Tasks!$B$2:$B$5000,B10,Tasks!$G$2:$G$5000,"Done"),"") | H10: =IFERROR(IF(C10=0,"",G10/C10),"") | I10: =IFERROR(COUNTIFS(Tasks!$B$2:$B$5000,B10,Tasks!$F$2:$F$5000,"High"),"")
A11: 2 | B11: =IFERROR(INDEX(Projects!$A$2:$A$1000,2),"") | C11: =IFERROR(COUNTIF(Tasks!$B$2:$B$5000,B11),"") | D11: =IFERROR(COUNTIFS(Tasks!$B$2:$B$5000,B11,Tasks!$G$2:$G$5000,"Not Started"),"") | E11: =IFERROR(COUNTIFS(Tasks!$B$2:$B$5000,B11,Tasks!$G$2:$G$5000,"In Progress"),"") | F11: =IFERROR(COUNTIFS(Tasks!$B$2:$B$5000,B11,Tasks!$G$2:$G$5000,"In Review"),"") | G11: =IFERROR(COUNTIFS(Tasks!$B$2:$B$5000,B11,Tasks!$G$2:$G$5000,"Done"),"") | H11: =IFERROR(IF(C11=0,"",G11/C11),"") | I11: =IFERROR(COUNTIFS(Tasks!$B$2:$B$5000,B11,Tasks!$F$2:$F$5000,"High"),"")
A12: 3 | B12: =IFERROR(INDEX(Projects!$A$2:$A$1000,3),"") | C12: =IFERROR(COUNTIF(Tasks!$B$2:$B$5000,B12),"") | D12: =IFERROR(COUNTIFS(Tasks!$B$2:$B$5000,B12,Tasks!$G$2:$G$5000,"Not Started"),"") | E12: =IFERROR(COUNTIFS(Tasks!$B$2:$B$5000,B12,Tasks!$G$2:$G$5000,"In Progress"),"") | F12: =IFERROR(COUNTIFS(Tasks!$B$2:$B$5000,B12,Tasks!$G$2:$G$5000,"In Review"),"") | G12: =IFERROR(COUNTIFS(Tasks!$B$2:$B$5000,B12,Tasks!$G$2:$G$5000,"Done"),"") | H12: =IFERROR(IF(C12=0,"",G12/C12),"") | I12: =IFERROR(COUNTIFS(Tasks!$B$2:$B$5000,B12,Tasks!$F$2:$F$5000,"High"),"")
A13: 4 | B13: =IFERROR(INDEX(Projects!$A$2:$A$1000,4),"") | C13: =IFERROR(COUNTIF(Tasks!$B$2:$B$5000,B13),"") | D13: =IFERROR(COUNTIFS(Tasks!$B$2:$B$5000,B13,Tasks!$G$2:$G$5000,"Not Started"),"") | E13: =IFERROR(COUNTIFS(Tasks!$B$2:$B$5000,B13,Tasks!$G$2:$G$5000,"In Progress"),"") | F13: =IFERROR(COUNTIFS(Tasks!$B$2:$B$5000,B13,Tasks!$G$2:$G$5000,"In Review"),"") | G13: =IFERROR(COUNTIFS(Tasks!$B$2:$B$5000,B13,Tasks!$G$2:$G$5000,"Done"),"") | H13: =IFERROR(IF(C13=0,"",G13/C13),"") | I13: =IFERROR(COUNTIFS(Tasks!$B$2:$B$5000,B13,Tasks!$F$2:$F$5000,"High"),"")
A14: 5 | B14: =IFERROR(INDEX(Projects!$A$2:$A$1000,5),"") | C14: =IFERROR(COUNTIF(Tasks!$B$2:$B$5000,B14),"") | D14: =IFERROR(COUNTIFS(Tasks!$B$2:$B$5000,B14,Tasks!$G$2:$G$5000,"Not Started"),"") | E14: =IFERROR(COUNTIFS(Tasks!$B$2:$B$5000,B14,Tasks!$G$2:$G$5000,"In Progress"),"") | F14: =IFERROR(COUNTIFS(Tasks!$B$2:$B$5000,B14,Tasks!$G$2:$G$5000,"In Review"),"") | G14: =IFERROR(COUNTIFS(Tasks!$B$2:$B$5000,B14,Tasks!$G$2:$G$5000,"Done"),"") | H14: =IFERROR(IF(C14=0,"",G14/C14),"") | I14: =IFERROR(COUNTIFS(Tasks!$B$2:$B$5000,B14,Tasks!$F$2:$F$5000,"High"),"")
A15: 6 | B15: =IFERROR(INDEX(Projects!$A$2:$A$1000,6),"") | C15: =IFERROR(COUNTIF(Tasks!$B$2:$B$5000,B15),"") | D15: =IFERROR(COUNTIFS(Tasks!$B$2:$B$5000,B15,Tasks!$G$2:$G$5000,"Not Started"),"") | E15: =IFERROR(COUNTIFS(Tasks!$B$2:$B$5000,B15,Tasks!$G$2:$G$5000,"In Progress"),"") | F15: =IFERROR(COUNTIFS(Tasks!$B$2:$B$5000,B15,Tasks!$G$2:$G$5000,"In Review"),"") | G15: =IFERROR(COUNTIFS(Tasks!$B$2:$B$5000,B15,Tasks!$G$2:$G$5000,"Done"),"") | H15: =IFERROR(IF(C15=0,"",G15/C15),"") | I15: =IFERROR(COUNTIFS(Tasks!$B$2:$B$5000,B15,Tasks!$F$2:$F$5000,"High"),"")
A16: 7 | B16: =IFERROR(INDEX(Projects!$A$2:$A$1000,7),"") | C16: =IFERROR(COUNTIF(Tasks!$B$2:$B$5000,B16),"") | D16: =IFERROR(COUNTIFS(Tasks!$B$2:$B$5000,B16,Tasks!$G$2:$G$5000,"Not Started"),"") | E16: =IFERROR(COUNTIFS(Tasks!$B$2:$B$5000,B16,Tasks!$G$2:$G$5000,"In Progress"),"") | F16: =IFERROR(COUNTIFS(Tasks!$B$2:$B$5000,B16,Tasks!$G$2:$G$5000,"In Review"),"") | G16: =IFERROR(COUNTIFS(Tasks!$B$2:$B$5000,B16,Tasks!$G$2:$G$5000,"Done"),"") | H16: =IFERROR(IF(C16=0,"",G16/C16),"") | I16: =IFERROR(COUNTIFS(Tasks!$B$2:$B$5000,B16,Tasks!$F$2:$F$5000,"High"),"")
A17: 8 | B17: =IFERROR(INDEX(Projects!$A$2:$A$1000,8),"") | C17: =IFERROR(COUNTIF(Tasks!$B$2:$B$5000,B17),"") | D17: =IFERROR(COUNTIFS(Tasks!$B$2:$B$5000,B17,Tasks!$G$2:$G$5000,"Not Started"),"") | E17: =IFERROR(COUNTIFS(Tasks!$B$2:$B$5000,B17,Tasks!$G$2:$G$5000,"In Progress"),"") | F17: =IFERROR(COUNTIFS(Tasks!$B$2:$B$5000,B17,Tasks!$G$2:$G$5000,"In Review"),"") | G17: =IFERROR(COUNTIFS(Tasks!$B$2:$B$5000,B17,Tasks!$G$2:$G$5000,"Done"),"") | H17: =IFERROR(IF(C17=0,"",G17/C17),"") | I17: =IFERROR(COUNTIFS(Tasks!$B$2:$B$5000,B17,Tasks!$F$2:$F$5000,"High"),"")
A18: 9 | B18: =IFERROR(INDEX(Projects!$A$2:$A$1000,9),"") | C18: =IFERROR(COUNTIF(Tasks!$B$2:$B$5000,B18),"") | D18: =IFERROR(COUNTIFS(Tasks!$B$2:$B$5000,B18,Tasks!$G$2:$G$5000,"Not Started"),"") | E18: =IFERROR(COUNTIFS(Tasks!$B$2:$B$5000,B18,Tasks!$G$2:$G$5000,"In Progress"),"") | F18: =IFERROR(COUNTIFS(Tasks!$B$2:$B$5000,B18,Tasks!$G$2:$G$5000,"In Review"),"") | G18: =IFERROR(COUNTIFS(Tasks!$B$2:$B$5000,B18,Tasks!$G$2:$G$5000,"Done"),"") | H18: =IFERROR(IF(C18=0,"",G18/C18),"") | I18: =IFERROR(COUNTIFS(Tasks!$B$2:$B$5000,B18,Tasks!$F$2:$F$5000,"High"),"")
A19: 10 | B19: =IFERROR(INDEX(Projects!$A$2:$A$1000,10),"") | C19: =IFERROR(COUNTIF(Tasks!$B$2:$B$5000,B19),"") | D19: =IFERROR(COUNTIFS(Tasks!$B$2:$B$5000,B19,Tasks!$G$2:$G$5000,"Not Started"),"") | E19: =IFERROR(COUNTIFS(Tasks!$B$2:$B$5000,B19,Tasks!$G$2:$G$5000,"In Progress"),"") | F19: =IFERROR(COUNTIFS(Tasks!$B$2:$B$5000,B19,Tasks!$G$2:$G$5000,"In Review"),"") | G19: =IFERROR(COUNTIFS(Tasks!$B$2:$B$5000,B19,Tasks!$G$2:$G$5000,"Done"),"") | H19: =IFERROR(IF(C19=0,"",G19/C19),"") | I19: =IFERROR(COUNTIFS(Tasks!$B$2:$B$5000,B19,Tasks!$F$2:$F$5000,"High"),"")
A20: 11 | B20: =IFERROR(INDEX(Projects!$A$2:$A$1000,11),"") | C20: =IFERROR(COUNTIF(Tasks!$B$2:$B$5000,B20),"") | D20: =IFERROR(COUNTIFS(Tasks!$B$2:$B$5000,B20,Tasks!$G$2:$G$5000,"Not Started"),"") | E20: =IFERROR(COUNTIFS(Tasks!$B$2:$B$5000,B20,Tasks!$G$2:$G$5000,"In Progress"),"") | F20: =IFERROR(COUNTIFS(Tasks!$B$2:$B$5000,B20,Tasks!$G$2:$G$5000,"In Review"),"") | G20: =IFERROR(COUNTIFS(Tasks!$B$2:$B$5000,B20,Tasks!$G$2:$G$5000,"Done"),"") | H20: =IFERROR(IF(C20=0,"",G20/C20),"") | I20: =IFERROR(COUNTIFS(Tasks!$B$2:$B$5000,B20,Tasks!$F$2:$F$5000,"High"),"")
A21: 12 | B21: =IFERROR(INDEX(Projects!$A$2:$A$1000,12),"") | C21: =IFERROR(COUNTIF(Tasks!$B$2:$B$5000,B21),"") | D21: =IFERROR(COUNTIFS(Tasks!$B$2:$B$5000,B21,Tasks!$G$2:$G$5000,"Not Started"),"") | E21: =IFERROR(COUNTIFS(Tasks!$B$2:$B$5000,B21,Tasks!$G$2:$G$5000,"In Progress"),"") | F21: =IFERROR(COUNTIFS(Tasks!$B$2:$B$5000,B21,Tasks!$G$2:$G$5000,"In Review"),"") | G21: =IFERROR(COUNTIFS(Tasks!$B$2:$B$5000,B21,Tasks!$G$2:$G$5000,"Done"),"") | H21: =IFERROR(IF(C21=0,"",G21/C21),"") | I21: =IFERROR(COUNTIFS(Tasks!$B$2:$B$5000,B21,Tasks!$F$2:$F$5000,"High"),"")
A22: 13 | B22: =IFERROR(INDEX(Projects!$A$2:$A$1000,13),"") | C22: =IFERROR(COUNTIF(Tasks!$B$2:$B$5000,B22),"") | D22: =IFERROR(COUNTIFS(Tasks!$B$2:$B$5000,B22,Tasks!$G$2:$G$5000,"Not Started"),"") | E22: =IFERROR(COUNTIFS(Tasks!$B$2:$B$5000,B22,Tasks!$G$2:$G$5000,"In Progress"),"") | F22: =IFERROR(COUNTIFS(Tasks!$B$2:$B$5000,B22,Tasks!$G$2:$G$5000,"In Review"),"") | G22: =IFERROR(COUNTIFS(Tasks!$B$2:$B$5000,B22,Tasks!$G$2:$G$5000,"Done"),"") | H22: =IFERROR(IF(C22=0,"",G22/C22),"") | I22: =IFERROR(COUNTIFS(Tasks!$B$2:$B$5000,B22,Tasks!$F$2:$F$5000,"High"),"")
A23: 14 | B23: =IFERROR(INDEX(Projects!$A$2:$A$1000,14),"") | C23: =IFERROR(COUNTIF(Tasks!$B$2:$B$5000,B23),"") | D23: =IFERROR(COUNTIFS(Tasks!$B$2:$B$5000,B23,Tasks!$G$2:$G$5000,"Not Started"),"") | E23: =IFERROR(COUNTIFS(Tasks!$B$2:$B$5000,B23,Tasks!$G$2:$G$5000,"In Progress"),"") | F23: =IFERROR(COUNTIFS(Tasks!$B$2:$B$5000,B23,Tasks!$G$2:$G$5000,"In Review"),"") | G23: =IFERROR(COUNTIFS(Tasks!$B$2:$B$5000,B23,Tasks!$G$2:$G$5000,"Done"),"") | H23: =IFERROR(IF(C23=0,"",G23/C23),"") | I23: =IFERROR(COUNTIFS(Tasks!$B$2:$B$5000,B23,Tasks!$F$2:$F$5000,"High"),"")
A24: 15 | B24: =IFERROR(INDEX(Projects!$A$2:$A$1000,15),"") | C24: =IFERROR(COUNTIF(Tasks!$B$2:$B$5000,B24),"") | D24: =IFERROR(COUNTIFS(Tasks!$B$2:$B$5000,B24,Tasks!$G$2:$G$5000,"Not Started"),"") | E24: =IFERROR(COUNTIFS(Tasks!$B$2:$B$5000,B24,Tasks!$G$2:$G$5000,"In Progress"),"") | F24: =IFERROR(COUNTIFS(Tasks!$B$2:$B$5000,B24,Tasks!$G$2:$G$5000,"In Review"),"") | G24: =IFERROR(COUNTIFS(Tasks!$B$2:$B$5000,B24,Tasks!$G$2:$G$5000,"Done"),"") | H24: =IFERROR(IF(C24=0,"",G24/C24),"") | I24: =IFERROR(COUNTIFS(Tasks!$B$2:$B$5000,B24,Tasks!$F$2:$F$5000,"High"),"")
A25: 16 | B25: =IFERROR(INDEX(Projects!$A$2:$A$1000,16),"") | C25: =IFERROR(COUNTIF(Tasks!$B$2:$B$5000,B25),"") | D25: =IFERROR(COUNTIFS(Tasks!$B$2:$B$5000,B25,Tasks!$G$2:$G$5000,"Not Started"),"") | E25: =IFERROR(COUNTIFS(Tasks!$B$2:$B$5000,B25,Tasks!$G$2:$G$5000,"In Progress"),"") | F25: =IFERROR(COUNTIFS(Tasks!$B$2:$B$5000,B25,Tasks!$G$2:$G$5000,"In Review"),"") | G25: =IFERROR(COUNTIFS(Tasks!$B$2:$B$5000,B25,Tasks!$G$2:$G$5000,"Done"),"") | H25: =IFERROR(IF(C25=0,"",G25/C25),"") | I25: =IFERROR(COUNTIFS(Tasks!$B$2:$B$5000,B25,Tasks!$F$2:$F$5000,"High"),"")
A26: 17 | B26: =IFERROR(INDEX(Projects!$A$2:$A$1000,17),"") | C26: =IFERROR(COUNTIF(Tasks!$B$2:$B$5000,B26),"") | D26: =IFERROR(COUNTIFS(Tasks!$B$2:$B$5000,B26,Tasks!$G$2:$G$5000,"Not Started"),"") | E26: =IFERROR(COUNTIFS(Tasks!$B$2:$B$5000,B26,Tasks!$G$2:$G$5000,"In Progress"),"") | F26: =IFERROR(COUNTIFS(Tasks!$B$2:$B$5000,B26,Tasks!$G$2:$G$5000,"In Review"),"") | G26: =IFERROR(COUNTIFS(Tasks!$B$2:$B$5000,B26,Tasks!$G$2:$G$5000,"Done"),"") | H26: =IFERROR(IF(C26=0,"",G26/C26),"") | I26: =IFERROR(COUNTIFS(Tasks!$B$2:$B$5000,B26,Tasks!$F$2:$F$5000,"High"),"")
A27: 18 | B27: =IFERROR(INDEX(Projects!$A$2:$A$1000,18),"") | C27: =IFERROR(COUNTIF(Tasks!$B$2:$B$5000,B27),"") | D27: =IFERROR(COUNTIFS(Tasks!$B$2:$B$5000,B27,Tasks!$G$2:$G$5000,"Not Started"),"") | E27: =IFERROR(COUNTIFS(Tasks!$B$2:$B$5000,B27,Tasks!$G$2:$G$5000,"In Progress"),"") | F27: =IFERROR(COUNTIFS(Tasks!$B$2:$B$5000,B27,Tasks!$G$2:$G$5000,"In Review"),"") | G27: =IFERROR(COUNTIFS(Tasks!$B$2:$B$5000,B27,Tasks!$G$2:$G$5000,"Done"),"") | H27: =IFERROR(IF(C27=0,"",G27/C27),"") | I27: =IFERROR(COUNTIFS(Tasks!$B$2:$B$5000,B27,Tasks!$F$2:$F$5000,"High"),"")
A28: 19 | B28: =IFERROR(INDEX(Projects!$A$2:$A$1000,19),"") | C28: =IFERROR(COUNTIF(Tasks!$B$2:$B$5000,B28),"") | D28: =IFERROR(COUNTIFS(Tasks!$B$2:$B$5000,B28,Tasks!$G$2:$G$5000,"Not Started"),"") | E28: =IFERROR(COUNTIFS(Tasks!$B$2:$B$5000,B28,Tasks!$G$2:$G$5000,"In Progress"),"") | F28: =IFERROR(COUNTIFS(Tasks!$B$2:$B$5000,B28,Tasks!$G$2:$G$5000,"In Review"),"") | G28: =IFERROR(COUNTIFS(Tasks!$B$2:$B$5000,B28,Tasks!$G$2:$G$5000,"Done"),"") | H28: =IFERROR(IF(C28=0,"",G28/C28),"") | I28: =IFERROR(COUNTIFS(Tasks!$B$2:$B$5000,B28,Tasks!$F$2:$F$5000,"High"),"")
A29: 20 | B29: =IFERROR(INDEX(Projects!$A$2:$A$1000,20),"") | C29: =IFERROR(COUNTIF(Tasks!$B$2:$B$5000,B29),"") | D29: =IFERROR(COUNTIFS(Tasks!$B$2:$B$5000,B29,Tasks!$G$2:$G$5000,"Not Started"),"") | E29: =IFERROR(COUNTIFS(Tasks!$B$2:$B$5000,B29,Tasks!$G$2:$G$5000,"In Progress"),"") | F29: =IFERROR(COUNTIFS(Tasks!$B$2:$B$5000,B29,Tasks!$G$2:$G$5000,"In Review"),"") | G29: =IFERROR(COUNTIFS(Tasks!$B$2:$B$5000,B29,Tasks!$G$2:$G$5000,"Done"),"") | H29: =IFERROR(IF(C29=0,"",G29/C29),"") | I29: =IFERROR(COUNTIFS(Tasks!$B$2:$B$5000,B29,Tasks!$F$2:$F$5000,"High"),"")

Sheet Projects
A1: Project Name | B1: Project Code | C1: Description | D1: Owner | E1: Start Date | F1: Target Date | G1: Status | H1: Priority | I1: Notes
A2: Website Redesign | B2: WEB-001 | C2: Full redesign of company website | D2: Alice Chen | E2: 2026-04-01 | F2: 2026-06-30 | G2: In Progress | H2: High
A3: Mobile App v2 | B3: MOB-002 | C3: Second version of the mobile application | D3: Bob Kim | E3: 2026-04-15 | F3: 2026-08-31 | G3: Planning | H3: High
A4: API Integration | B4: API-003 | C4: Third-party API integrations | D4: Carlos D. | E4: 2026-05-01 | F4: 2026-07-15 | G4: Not Started | H4: Medium

Sheet Tasks
A1: Task ID | B1: Project Name | C1: Task Name | D1: Description | E1: Category | F1: Priority | G1: Status | H1: Assignee | I1: Est. Hours | J1: Actual Hours | K1: Start Date | L1: Due Date | M1: Dependencies | N1: Notes
A2: WEB-001-001 | B2: Website Redesign | C2: UX Wireframes | D2: Create wireframes for all pages | E2: Design | F2: High | G2: Done | H2: Alice Chen | I2: 16 | J2: 16 | K2: 2026-04-01 | L2: 2026-04-07
A3: WEB-001-002 | B3: Website Redesign | C3: UI Design System | D3: Define colors, typography, components | E3: Design | F3: High | G3: In Progress | H3: Alice Chen | I3: 24 | J3: 10 | K3: 2026-04-08 | L3: 2026-04-21 | M3: WEB-001-001
A4: WEB-001-003 | B4: Website Redesign | C4: Homepage Dev | D4: Build homepage with React | E4: Frontend | F4: High | G4: Not Started | H4: David Lee | I4: 20 | J4: 0 | K4: 2026-04-22 | L4: 2026-05-05 | M4: WEB-001-002
A5: MOB-002-001 | B5: Mobile App v2 | C5: Tech Stack Review | D5: Evaluate Flutter vs React Native | E5: Architecture | F5: High | G5: In Progress | H5: Bob Kim | I5: 8 | J5: 4 | K5: 2026-04-15 | L5: 2026-04-20
A6: API-003-001 | B6: API Integration | C6: OAuth 2.0 Setup | D6: Implement OAuth for third-party auth | E6: Backend | F6: Medium | G6: Not Started | H6: Carlos D. | I6: 12 | J6: 0 | K6: 2026-05-01 | L6: 2026-05-10

Sheet How to Use
A1: HOW TO USE THIS TRACKER
A3: 1 Add Projects | C3: Go to the Projects sheet. Add each project: name, code, owner, dates, status, and priority.
A4: 2 Log Tasks | C4: Go to Tasks. For each task: assign a Task ID (e.g. WEB-001-003), select the Project, fill in name, category, priority, and status.
A5: 3 Use Dropdowns | C5: Status, Priority, and Category columns have dropdown menus. Click a cell to see the arrow and pick a value.
A6: 4 Track Progress | C6: Update Status as work progresses: Not Started → In Progress → In Review → Done.
A7: 5 Dashboard | C7: The Dashboard auto-calculates project totals, completion %, and high-priority task counts. It updates whenever you change data.
A8: 6 Task ID Convention | C8: Recommended: [PROJECT-CODE]-[###] e.g. WEB-001-003 (project code + sequential number)
A9: 7 Dependencies | C9: In the Dependencies column list the Task IDs that must finish before this task can start.
